{"type":"exercise","title":"JQuery Intro","description":"Empleando JQuery realice los siguiente cambios en la página web:\n-> Añada el título \"JQuery\" a la página web.\n-> Centre la cabecera <code><header></code>.\n-> Cambie a 20px el tamaño de fuente de los <code><p></code> con clase \"title\".\n-> Ponga fondo negro y letra blanca a los <code><div></code> que estén dentro del elemento con id \"news\".\n-> Incluya un manejador de eventos a todos los <code><li></code> cuyo atributo \"alert\" sea igual a \"yes\", de modo que si se pulsa sobre alguno de ellos su contenido se escriba en el <code><footer></code> de la página.\n","editorMode":"HTML","content":"<!DOCTYPE html>\n<html>\n  <head>\n        <meta charset=\"UTF-8\">\n        <script src=\"//code.jquery.com/jquery-1.11.2.min.js\"></script>\n        <script type=\"text/javascript\">\n            $(document).ready(function(){\n                //Escribe tu solución aquí\n                \n            });\n      </script>\n  </head>\n  <body>\n    <header>Aprendiendo a utilizar los selectores de JQuery</header>\n    <article>\n        <div>\n            <p class=\"title\">Características de JQuery</p>\n            <ul>\n                <li>Rápido</li>\n                <li alert=\"yes\">Ligero</li>\n                <li>Multi-navegador</li>\n            </ul>\n        </div>\n    </article>\n    <article id=\"news\">\n        <div class=\"title\">\n            <a target=\"_blank\" href=\"http://jquery.com/\">JQuery website</a>\n        </div>\n    </article>\n    <footer></footer>\n  </body>\n</html>","score_function":"var score = function (document){\n\t\tvar grade = {};\n\t\tgrade.successes = [];\n\t\tgrade.errors = [];\n\t\tgrade.feedback = [];\n\t\tgrade.score = 0;\n\n\t\t// Añada el título \"JQuery\" a la página web.\n\t\tvar title = $(document).find(\"head\").find(\"title\").html();\n\t\tif((typeof title === \"string\")&&(title.trim().toLowerCase()===\"jquery\")){\n\t\t\tgrade.successes.push(\"Cambiaste el título de la página web correctamente.\");\n\t\t\tgrade.score += 2;\n\t\t} else {\n\t\t\tgrade.errors.push(\"No cambiaste correctamente el título de la página web.\");\n\t\t}\n\n\t\tif(grade.errors.length > 0){\n\t\t\treturn grade;\n\t\t}\n\n\t\t//Centre la cabecera <header>.\n\t\tvar header = $(document).find(\"header\");\n\t\tif($(header).css(\"text-align\")===\"center\"){\n\t\t\tgrade.successes.push(\"Centraste el <header> correctamente.\");\n\t\t\tgrade.score += 1;\n\t\t} else {\n\t\t\tgrade.errors.push(\"El <header> no está centrado.\");\n\t\t}\n\n\t\tif(grade.errors.length > 0){\n\t\t\treturn grade;\n\t\t}\n\n\t\t//Cambie a 20px el tamaño de fuente de los <p> con clase \"title\".\n\t\tvar ps = $(document).find(\"p.title\");\n\t\tif($(ps).css(\"font-size\")===\"20px\"){\n\t\t\tgrade.successes.push(\"Cambiaste el tamaño de los <p> con clase title correctamente.\");\n\t\t\tgrade.score += 1;\n\t\t} else {\n\t\t\tgrade.errors.push(\"Los elementos p con clase title no tienen el tamaño de fuente correcto.\");\n\t\t}\n\n\t\tif(grade.errors.length > 0){\n\t\t\treturn grade;\n\t\t}\n\n\n\t\t//Ponga fondo negro y letra blanca a los <div> que estén dentro del elemento con id \"news\".\n\t\tvar divs = $(document).find(\"#news div\");\n\t\tvar _background = false;\n\t\tvar _color = false;\n\n\t\tif($(divs).css(\"background-color\")===\"rgb(0, 0, 0)\"){\n\t\t\t_background = true;\n\t\t} else {\n\t\t\t_background = false;\n\t\t}\n\n\t\tif($(divs).css(\"color\")===\"rgb(255, 255, 255)\"){\n\t\t\t_color = true;\n\t\t} else {\n\t\t\t_color = false;\n\t\t}\n\n\t\tif(_background&&_color){\n\t\t\tgrade.successes.push(\"Los <div> dentro del elemento con id news tienen el estilo adecuado.\");\n\t\t\tgrade.score += 2;\n\t\t} else {\n\t\t\tif(!_background){\n\t\t\t\tgrade.errors.push(\"Los <div> dentro del elemento con id news no tienen el fondo adecuado.\");\n\t\t\t}\n\t\t\tif(!_color){\n\t\t\t\tgrade.errors.push(\"Los <div> dentro del elemento con id news no tienen el color adecuado.\");\n\t\t\t}\n\t\t}\n\n\t\tif(grade.errors.length > 0){\n\t\t\treturn grade;\n\t\t}\n\n\n\t\t// Incluya un manejador de eventos a todos los <li> cuyo atributo \"alert\" sea igual a \"yes\", de modo que si se pulsa sobre alguno de ellos su contenido se escriba en el <footer> de la página.\n\t\tvar triggerElement = $(document).find(\"[alert='yes']\")[0];\n\t\tif(typeof triggerElement == \"undefined\"){\n\t\t\tgrade.errors.push(\"No se encontró ningún elemento escuchando al evento.\");\n\t\t\treturn grade;\n\t\t}\n\n\t\tvar footer = $(document).find(\"footer\");\n\t\tvar oldFooterVal = $(footer).html();\n\t\tvar triggerElementVal = $(triggerElement).html();\n\n\t\t$(footer).html(\"\");\n\t\t$(triggerElement).trigger(\"click\");\n\t\tif($(footer).html()===triggerElementVal){\n\t\t\t//Success\n\t\t\tgrade.score += 4;\n\t\t\tgrade.successes.push(\"El manejador de eventos funciona acorde a lo esperado.\");\n\t\t} else {\n\t\t\t//Fail\n\t\t\tgrade.errors.push(\"El manejador de eventos no funciona acorde a lo esperado.\");\n\t\t}\n\n\t\t$(footer).html(oldFooterVal);\n\n\t\t//Passed threshold: 8\n\t\tif(grade.score < 8){\n\t\t\tgrade.score = 4;\n\t\t}\n\n\t\tif(grade.score===10){\n\t\t\tgrade.feedback.push(\"¡Enhorabuena, tu solución es perfecta!\");\n\t\t}\n\n\t\treturn grade;\n\t}"}
