{"type":"exercise","title":"Reloj","description":"Ejemplo de Reloj con JavaScript\nTrate de conseguir el mismo resultado empleando JQuery.\nPuede importar la librería de un CDN mediante la siguiente etiqueta: <code><script src=\"http://code.jquery.com/jquery-1.11.2.min.js\"></script></code>.","editorMode":"HTML","content":"<!DOCTYPE html>\n<html>\n<head>\n    <title>Reloj</title>\n    <meta charset=\"UTF-8\">\n    <script type=\"text/javascript\">\n        function mostrar_fecha(){\n            var cl = document.getElementById(\"fecha\");\n            cl.innerHTML = new Date();\n        }\n    </script>\n</head>\n<body>\n    <h2>Reloj</h2>\n    <div id=\"fecha\"></div>\n    <script type=\"text/javascript\">\n        mostrar_fecha(); //muestra fecha al cargar\n                         // actualiza cada segundo\n        setInterval(mostrar_fecha, 1000);\n    </script>\n</body>\n</html>"}
